_wdill,0
storygraphbot,1
localmem,1
icanhazmemento,1
ThingsWork,3
JanaeJackson__,15
MachinePix,46
anne_lauscher,54
NatGeo,55
WebSciDL,56
PlinioHVargas,70
OpenMaze,79
oducs,88
stanfordnlp,101
justin_littman,114
NatGeoPhotos,131
maturban1,134
fanchyna,135
webrecorder_io,138
AcademiaObscura,150
ZachTanZM,163
helgeho,163
ScottGAinsworth,200
justinfbrunelle,208
weiglemc,209
BreitingerC,236
BelaGipp,237
grantcatkins,254
3blue1brown,255
HistoryInPics,266
vinaygo,272
mir_smi,274
scientiffic,296
moffattchristie,313
ODU,325
f_nanni,329
SyrupType,330
ibnesayeed,354
documentnow,374
srocheleau,401
machawk1,409
yasmina_anwar,414
hvdsomp,426
nullhandle,435
ssfrug,445
phonedude_mln,450
Discovery,453
ncasemajor,461
fromADMwithlove,471
johnaberlin,537
b0rk,550
HarvardLIL,558
mzagaja,582
internetarchive,593
shawnmjones,615
DamolaMore,629
vphill,636
lintool,737
whatbrett,740
ujwlkarn,745
this_phillips,813
mart1nkle1n,881
jeremyw,900
TVNewsArchive,905
TerribleMaps,921
tweetsauce,961
ruebot,969
walkeroh,986
anjacks0n,1047
femalegazebot,1058
Radiolab,1090
e_mccain,1130
BergisJules,1160
clancynewyork,1313
abziegler,1448
effodu,1516
ianmilligan1,1855
jessogden,1874
Moha_Magdy,1903
KatherineRCook,2051
docmattweber,2420
katestarbird,2851
muira_mccammon,2993
EbenezarWikina,3326
BKCHarvard,3398
pj_webster,3555
edsu,3570
meangrape,4547
zittrain,6652
MIT_CSAIL,13602
amazingmap,19651
,
acnwala,91
